[
  {
    "id": "7c975557-1911-4445-b5f1-6cbcf0b91b5d",
    "data": [
      {
        "text": "Can I talk to somebody.",
        "userDefined": false
      }
    ],
    "isTemplate": false,
    "count": 0,
    "lang": "en",
    "updated": 0
  },
  {
    "id": "b1111cda-4307-4dd2-8559-186a41c7614c",
    "data": [
      {
        "text": "I want to connect with someone over call",
        "userDefined": false
      }
    ],
    "isTemplate": false,
    "count": 0,
    "lang": "en",
    "updated": 0
  },
  {
    "id": "58d5eddb-e6e4-4036-a3be-84c3034e5c70",
    "data": [
      {
        "text": "I want to connect with someone",
        "userDefined": false
      }
    ],
    "isTemplate": false,
    "count": 0,
    "lang": "en",
    "updated": 0
  },
  {
    "id": "6b1b38a2-8332-4cd7-9de0-0d9e20875ef0",
    "data": [
      {
        "text": "I would like to talk to someone",
        "userDefined": false
      }
    ],
    "isTemplate": false,
    "count": 0,
    "lang": "en",
    "updated": 0
  }
]